source_folder,eid,label,dt,sep,density,df
Metaexperiment_2025_02_18_9hh_11mm_cell_trapping_faad866cd0,faad866cd0,D-A raw,2025-02-18 09:11:56.880131,True,32000.0,2.0
Metaexperiment_2025_02_19_9hh_1mm_cell_trapping_0e5a886132,0e5a886132,B-B raw,2025-02-19 09:01:58.459862,True,245000.0,2.0
Metaexperiment_2025_02_20_9hh_10mm_cell_trapping_373a669541,373a669541,B-B raw,2025-02-20 09:10:08.984298,True,95000.0,2.0
Metaexperiment_2025_08_15_9hh_10mm_cell_trapping_e59b984694,e59b984694,G-13Aug25,2025-08-15 11:07:47.090064,True,665000.0,2.0
Metaexperiment_2025_08_21_9hh_18mm_cell_trapping_88cf8067d8,88cf8067d8,L1-18Aug25,2025-08-21 10:40:30.171786,True,1447500.0,3.0
Metaexperiment_2025_08_27_9hh_10mm_cell_trapping_cdae84848d,cdae84848d,A1-25Aug,2025-08-27 09:55:47.447721,True,815000.0,2.0
Metaexperiment_2025_09_16_9hh_22mm_cell_trapping_1752777526,1752777526,A1-12Sept,2025-09-16 13:04:46.678989,True,520000.0,2.0
Metaexperiment_2025_10_21_9hh_35mm_cell_trapping_9c0fd5d6ff,9c0fd5d6ff,14,2025-10-21 10:32:47.010252,True,380000.0,2.0
Metaexperiment_2025_10_21_9hh_35mm_cell_trapping_9c0fd5d6ff,9c0fd5d6ff,C2-7Oct25,2025-10-21 10:33:24.030415,True,355000.0,2.0
Metaexperiment_2025_11_06_9hh_18mm_cell_trapping_d2ae987859,d2ae987859,MA5-7Oct25,2025-11-06 11:51:13.061800,True,885000.0,2.0
Metaexperiment_2025_11_11_9hh_22mm_cell_trapping_2f7e97c836,2f7e97c836,MB3-21Oct,2025-11-11 14:01:26.012775,True,1355000.0,2.0
Metaexperiment_2025_11_13_9hh_22mm_cell_trapping_097be0f154,097be0f154,MA3-21Oct25,2025-11-13 12:50:56.643520,True,1280000.0,2.0
Metaexperiment_2025_12_02_9hh_21mm_cell_trapping_bf9461486f,bf9461486f,MB4-18Nov25,2025-12-02 13:59:32.107702,True,720000.0,2.0
Metaexperiment_2025_12_04_10hh_39mm_cell_trapping_19bef1dc68,19bef1dc68,MA4-18Nov25,2025-12-04 11:51:56.437185,True,5930000.0,2.0
Metaexperiment_2025_12_15_10hh_2mm_cell_trapping_0975bf718e,0975bf718e,MC2-2Dec25,2025-12-15 11:21:32.595071,True,695000.0,2.0
Metaexperiment_2025_12_20_9hh_41mm_cell_trapping_d4ee7a9a9e,d4ee7a9a9e,Cx3-2Dec25,2025-12-20 16:51:29.957360,True,2570000.0,2.0
Metaexperiment_2025_12_21_10hh_19mm_cell_trapping_b7acbf012e,b7acbf012e,Bx4B-2Dec25,2025-12-21 17:13:16.091284,True,4750000.0,3.0
Metaexperiment_2025_12_22_8hh_57mm_cell_trapping_14e56f98d0,14e56f98d0,MC9-18Nov25,2025-12-22 15:57:34.123874,True,400000.0,40.0
Metaexperiment_2025_12_30_9hh_9mm_cell_trapping_9062ae794b,9062ae794b,Bx5-2Dec25,2025-12-30 13:23:08.908398,True,5970000.0,3.0
Metaexperiment_2026_01_02_10hh_10mm_cell_trapping_ad4b171558,ad4b171558,Cx2-16Dec25,2026-01-02 12:31:18.678275,True,365000.0,4.0
Metaexperiment_2026_02_10_9hh_22mm_cell_trapping_5cedce35ee,5cedce35ee,Cx4-16Jan26,2026-02-10 10:34:56.039787,True,840000.0,2.0
Metaexperiment_2026_04_07_13hh_49mm_cell_trapping_5feb7ad15c,5feb7ad15c,A3-24April26,2026-04-07 17:17:47.665355,True,,2.0
Metaexperiment_2026_04_07_13hh_49mm_cell_trapping_5feb7ad15c,5feb7ad15c,A3-24April26,2026-04-07 17:18:07.127172,True,388000.0,2.0
Metaexperiment_2026_04_07_13hh_49mm_cell_trapping_5feb7ad15c,5feb7ad15c,B3-24April26,2026-04-07 17:18:51.267078,True,448000.0,2.0
Metaexperiment_2026_04_07_13hh_49mm_cell_trapping_5feb7ad15c,5feb7ad15c,B3-24April26-LS-15x,2026-04-07 17:20:18.479590,True,80000.0,2.0
Metaexperiment_2026_04_07_13hh_49mm_cell_trapping_5feb7ad15c,5feb7ad15c,A3-24April26-LS-15x,2026-04-07 17:20:26.734237,True,80000.0,2.0
Metaexperiment_2026_04_07_13hh_49mm_cell_trapping_5feb7ad15c,5feb7ad15c,A3-24April26-LS-7.5x,2026-04-07 17:21:07.235466,True,168000.0,2.0
Metaexperiment_2026_04_08_16hh_11mm_cell_trapping_cb4855d275,cb4855d275,Ax4-24April26,2026-04-08 16:18:48.029033,True,1870000.0,2.0
Metaexperiment_2026_04_08_16hh_11mm_cell_trapping_cb4855d275,cb4855d275,C4-24April26,2026-04-08 16:20:07.325539,True,6375000.0,3.0
Metaexperiment_2026_04_08_16hh_11mm_cell_trapping_cb4855d275,cb4855d275,Ax4-24April26-LS,2026-04-08 16:21:26.562769,True,24000.0,2.0
Metaexperiment_2026_04_08_16hh_11mm_cell_trapping_cb4855d275,cb4855d275,C4-24April26-LS,2026-04-08 16:22:06.760159,True,120000.0,2.0
Metaexperiment_2026_04_09_15hh_41mm_cell_trapping_5bdf9f5989,5bdf9f5989,D2-30March26,2026-04-09 15:48:56.146875,True,144000.0,2.0
Metaexperiment_2026_04_09_15hh_41mm_cell_trapping_5bdf9f5989,5bdf9f5989,E2-30March26,2026-04-09 15:49:29.896410,True,164000.0,2.0
Metaexperiment_2026_04_09_15hh_41mm_cell_trapping_5bdf9f5989,5bdf9f5989,D2-30March26-LS-7.5x,2026-04-09 15:50:03.878227,True,84000.0,2.0
Metaexperiment_2026_04_09_15hh_41mm_cell_trapping_5bdf9f5989,5bdf9f5989,E2-30March26-LS-7.5x,2026-04-09 15:51:13.245756,True,24000.0,2.0
Metaexperiment_2026_06_22_9hh_21mm_cell_trapping_d50bc5ab60,d50bc5ab60,Aptx4-31May26,2026-06-22 13:34:24.165342,True,2220000.0,4.0
Metaexperiment_2026_06_22_9hh_21mm_cell_trapping_d50bc5ab60,d50bc5ab60,Bptx4-31May26,2026-06-22 13:35:08.424586,True,3300000.0,4.0
Metaexperiment_2026_06_22_9hh_21mm_cell_trapping_d50bc5ab60,d50bc5ab60,Bptx4-31May26,2026-06-22 13:35:49.292184,True,162000.0,1.5
Metaexperiment_2026_06_22_9hh_21mm_cell_trapping_d50bc5ab60,d50bc5ab60,Aptx4-31May26,2026-06-22 13:36:34.651876,True,162000.0,1.5
Metaexperiment_2026_06_22_9hh_21mm_cell_trapping_d50bc5ab60,d50bc5ab60,Bptx4-31May26,2026-06-22 13:36:51.441520,True,147000.0,1.5
Metaexperiment_2026_06_23_16hh_43mm_cell_trapping_7ad9781341,7ad9781341,Cptx5-31May26,2026-06-23 16:50:51.675139,False,1520000.0,2.0
Metaexperiment_2026_06_23_16hh_43mm_cell_trapping_7ad9781341,7ad9781341,Cptx5-31May26,2026-06-23 16:51:25.417173,False,760000.0,1.0
Metaexperiment_2026_06_23_16hh_43mm_cell_trapping_7ad9781341,7ad9781341,Cptx5-31May26,2026-06-23 16:52:21.884112,False,105000.0,1.5
Metaexperiment_2026_06_24_9hh_41mm_cell_trapping_11229754ea,11229754ea,Bptx6-31May26,2026-06-24 09:49:03.040392,False,976000.0,4.0
Metaexperiment_2026_06_24_9hh_41mm_cell_trapping_11229754ea,11229754ea,Bptx6-31May26,2026-06-24 14:05:08.175547,True,96000.0,1.5
Metaexperiment_2026_06_25_9hh_59mm_cell_trapping_c3ca9fd9b4,c3ca9fd9b4,Aptx6-31May26,2026-06-25 16:24:41.574531,False,1750000.0,2.0
Metaexperiment_2026_06_25_9hh_59mm_cell_trapping_c3ca9fd9b4,c3ca9fd9b4,Aptx6-31May26,2026-06-25 16:25:21.374614,True,37500.0,1.5
Metaexperiment_2026_06_27_10hh_33mm_cell_trapping_ff4b9877e2,ff4b9877e2,Cptx8-31May26,2026-06-27 12:54:00.693864,False,2210000.0,2.0
Metaexperiment_2026_06_27_10hh_33mm_cell_trapping_ff4b9877e2,ff4b9877e2,Cptx8-31May26,2026-06-27 12:54:37.296802,True,15000.0,1.5
Metaexperiment_2026_06_29_9hh_42mm_cell_trapping_b52981b68e,b52981b68e,Aptx9-31May26,2026-06-30 13:36:53.679018,False,537000.0,1.5
Metaexperiment_2026_06_30_13hh_47mm_cell_trapping_37faae1f8a,37faae1f8a,Bptx10-31May26,2026-06-30 13:53:53.073688,False,3725000.0,2.0
Metaexperiment_2026_06_30_13hh_47mm_cell_trapping_37faae1f8a,37faae1f8a,Bptx10-31May26,2026-06-30 13:54:20.929591,True,18000.0,1.5
Metaexperiment_2026_07_02_9hh_50mm_cell_trapping_88120d995f,88120d995f,Cptx11-31May26,2026-07-02 15:04:20.874435,False,925000.0,2.0
Metaexperiment_2026_07_02_9hh_50mm_cell_trapping_88120d995f,88120d995f,Cptx11-31May26,2026-07-02 15:04:55.850905,True,6000.0,1.5
Metaexperiment_2026_07_03_9hh_42mm_cell_trapping_d4f93e6168,d4f93e6168,Bptx13-31May26,2026-07-03 17:10:42.882804,False,4145000.0,2.0
Metaexperiment_2026_07_03_9hh_42mm_cell_trapping_d4f93e6168,d4f93e6168,Bptx13-31May26,2026-07-03 17:11:19.113563,False,0.0,1.5
Metaexperiment_2026_07_06_9hh_36mm_cell_trapping_5a3117a32c,5a3117a32c,Ambo10-9July2626,2026-07-06 13:29:04.675967,False,1016000.0,2.0
Metaexperiment_2026_07_06_9hh_36mm_cell_trapping_5a3117a32c,5a3117a32c,Ambo10-9July2626,2026-07-06 13:29:21.969175,True,12000.0,1.5
Metaexperiment_2026_07_04_9hh_30mm_cell_trapping_432ee2bd48,94151c6b30,Bmbo9-9June26,2026-07-06 17:26:31.720078,False,850000.0,2.0
Metaexperiment_2026_07_04_9hh_30mm_cell_trapping_432ee2bd48,94151c6b30,Bmbo9-9June26,2026-07-06 17:27:10.750700,True,6000.0,1.5
Metaexperiment_2026_07_06_17hh_28mm_cell_trapping_ca330563f4,ca330563f4,Cmbo10-9June26,2026-07-06 17:33:29.357992,False,2120000.0,2.0
Metaexperiment_2026_07_06_17hh_28mm_cell_trapping_ca330563f4,ca330563f4,Cmbo10-9June26,2026-07-06 17:34:15.329398,True,39000.0,1.5
Metaexperiment_2026_07_20_9hh_39mm_cell_trapping_0b8c8ef720,0b8c8ef720,C11-9June26,2026-07-21 09:54:02.594668,False,4000000.0,4.0
Metaexperiment_2026_07_20_9hh_39mm_cell_trapping_0b8c8ef720,0b8c8ef720,C11-9June26,2026-07-21 09:54:19.648043,True,57000.0,1.5
Metaexperiment_2026_07_21_9hh_55mm_cell_trapping_2b9808e71e,2b9808e71e,C12-9June26,2026-07-21 15:49:11.708472,True,6580000.0,4.0
Metaexperiment_2026_07_21_9hh_55mm_cell_trapping_2b9808e71e,2b9808e71e,C12-9June26,2026-07-21 15:49:48.125157,False,39000.0,1.5
Metaexperiment_2026_07_22_13hh_54mm_cell_trapping_2d89e23bd8,2d89e23bd8,C13-9June26,2026-07-22 14:41:09.258639,False,3830000.0,4.0
Metaexperiment_2026_07_22_13hh_54mm_cell_trapping_2d89e23bd8,2d89e23bd8,C13-9June26,2026-07-22 14:41:34.818150,True,57000.0,1.5
Metaexperiment_2026_07_23_15hh_18mm_cell_trapping_e91b6ef6cc,e91b6ef6cc,Dptx7-5July26,2026-07-23 17:29:44.024135,False,416000.0,4.0
Metaexperiment_2026_07_23_15hh_18mm_cell_trapping_e91b6ef6cc,e91b6ef6cc,Dptx7-5July26,2026-07-23 17:30:14.334178,False,416000.0,4.0
Metaexperiment_2026_07_23_15hh_18mm_cell_trapping_e91b6ef6cc,e91b6ef6cc,Dptx7-5July26,2026-07-23 17:30:30.493125,True,27000.0,1.5
Metaexperiment_2026_07_27_14hh_33mm_cell_trapping_94e95591d3,94e95591d3,Dptx8-5July26,2026-07-27 14:33:54.764655,False,2705000.0,2.0
Metaexperiment_2026_07_27_14hh_33mm_cell_trapping_94e95591d3,94e95591d3,Dptx8-5July26,2026-07-28 14:43:32.901884,True,146250.0,1.5
Metaexperiment_2026_07_28_14hh_47mm_cell_trapping_66af4cfaa9,66af4cfaa9,Dptx9-5July26,2026-07-28 14:51:14.424050,False,4940000.0,4.0
Metaexperiment_2026_07_28_14hh_47mm_cell_trapping_66af4cfaa9,66af4cfaa9,Dptx9-5July26,2026-07-28 14:51:46.985420,True,198000.0,1.5
Metaexperiment_2026_07_29_15hh_14mm_cell_trapping_602108e3e0,602108e3e0,Dptx11-5July26,2026-07-29 16:13:40.511081,False,2745000.0,2.0
Metaexperiment_2026_07_29_15hh_14mm_cell_trapping_602108e3e0,602108e3e0,Dptx11-5July26,2026-07-29 17:54:57.471502,True,15000.0,1.5
Metaexperiment_2026_07_30_16hh_40mm_cell_trapping_8e5b054623,8e5b054623,Dptx12-5July26,2026-07-31 11:18:22.661897,False,1540000.0,2.0
Metaexperiment_2026_07_30_16hh_40mm_cell_trapping_8e5b054623,8e5b054623,Dptx12-5July26,2026-07-31 11:18:47.916132,True,15000.0,1.5
Metaexperiment_2026_07_31_15hh_59mm_cell_trapping_c6a10c234c,c6a10c234c,Eptx11-5July26,2026-07-31 18:29:55.969019,False,2000000.0,2.0
Metaexperiment_2026_07_31_15hh_59mm_cell_trapping_c6a10c234c,c6a10c234c,Eptx11-5July26,2026-07-31 18:30:17.423329,True,9000.0,1.5
Metaexperiment_2026_08_12_14hh_10mm_cell_trapping_32ae2d923e,32ae2d923e,Dptx17-5July26,2026-08-13 14:19:06.999018,False,1750000.0,2.0
Metaexperiment_2026_08_12_14hh_10mm_cell_trapping_32ae2d923e,32ae2d923e,Dptx17-5July26,2026-08-13 14:19:34.678680,True,108000.0,1.5
Metaexperiment_2026_08_13_15hh_4mm_cell_trapping_cbf9e100d7,cbf9e100d7,Eptx18-5July26,2026-08-14 12:41:53.614346,False,380000.0,2.0
Metaexperiment_2026_08_13_15hh_4mm_cell_trapping_cbf9e100d7,cbf9e100d7,Eptx18-5July26,2026-08-14 12:43:04.836252,True,21000.0,1.5
Metaexperiment_2026_08_18_13hh_36mm_cell_trapping_0dca831dc9,0dca831dc9,Eptx19-5July26,2026-08-18 13:42:42.348867,False,2180000.0,2.0
Metaexperiment_2026_08_18_13hh_36mm_cell_trapping_0dca831dc9,0dca831dc9,Eptx19-5July26,2026-08-18 13:43:02.385933,True,213000.0,1.5
Metaexperiment_2026_08_19_14hh_29mm_cell_trapping_446d930d19,446d930d19,Sptx5-4Aug26,2026-08-19 18:26:28.481982,False,1460000.0,2.0
Metaexperiment_2026_08_19_14hh_29mm_cell_trapping_446d930d19,446d930d19,Sptx5-4Aug26,2026-08-19 18:26:50.866294,True,99000.0,1.5
Metaexperiment_2026_08_20_15hh_31mm_cell_trapping_39eb6ed99e,39eb6ed99e,Gptx6-4Aug26,2026-08-21 14:24:39.647774,False,1175000.0,2.0
Metaexperiment_2026_08_20_15hh_31mm_cell_trapping_39eb6ed99e,39eb6ed99e,Gptx6-4Aug26,2026-08-21 14:25:28.044048,True,108000.0,1.5
Metaexperiment_2026_08_25_16hh_6mm_cell_trapping_b22492ad90,b22492ad90,Gptx9-4Aug26,2026-08-25 16:12:17.327469,False,3125000.0,2.0
Metaexperiment_2026_08_25_16hh_6mm_cell_trapping_b22492ad90,b22492ad90,Gptx9-4Aug26,2026-08-25 16:13:27.505727,True,132000.0,2.0
Metaexperiment_2026_08_25_16hh_6mm_cell_trapping_b22492ad90,b22492ad90,Gptx9-4Aug26,2026-08-25 18:13:24.153433,True,28000.0,2.0
Metaexperiment_2026_08_26_15hh_13mm_cell_trapping_8f93046d37,8f93046d37,Gptx10-4Aug26,2026-08-27 15:51:34.232210,False,2490000.0,2.0
Metaexperiment_2026_08_26_15hh_13mm_cell_trapping_8f93046d37,8f93046d37,Gptx10-4Aug26,2026-08-27 15:51:56.997069,True,159000.0,1.5
Metaexperiment_2026_08_27_15hh_55mm_cell_trapping_24680bda2c,24680bda2c,Gptx11.4Aug26,2026-08-27 18:12:31.060969,False,4070000.0,2.0
Metaexperiment_2026_08_27_15hh_55mm_cell_trapping_24680bda2c,24680bda2c,Gptx11.4Aug26,2026-08-27 18:13:06.530412,True,270000.0,1.5
Metaexperiment_2026_08_29_17hh_51mm_cell_trapping_f2b6bcfcfe,f2b6bcfcfe,Gptx12-4Aug26,2026-08-29 18:13:43.390315,False,2585000.0,2.0
Metaexperiment_2026_08_29_17hh_51mm_cell_trapping_f2b6bcfcfe,f2b6bcfcfe,Gptx12-4Aug26,2026-08-29 18:14:48.337961,True,231000.0,1.5
